Reconstruction Coord z;Map Coord z;Error z;;;;;;
0,00253;0,701787;0,699258;;;;;;
0,0014;0,684305;0,682905;;;;;;
0,009406;0,681196;0,67179;;;;;;
0,002201;0,608299;0,606098;;;;;;
0,001754;0,605854;0,6041;;;;;;
0,001926;0,60544;0,603514;;;;;;
0,002316;0,605407;0,603091;;;;;;
0,002723;0,605681;0,602958;;;;;;
0,002276;0,601874;0,599598;;;;;;
1;0,402425;0,597575;;;;;;
0,013628;0,609829;0,596201;;;;;;
0,013825;0,609829;0,596004;;;;;;
0,001945;0,592393;0,590448;;;;;;
0,002291;0,590831;0,58854;;;;;;
0,002318;0,588244;0,585926;;;;;;
0,001832;0,585209;0,583378;;;;;;
0,00267;0,585979;0,583308;;;;;;
0,001731;0,584461;0,58273;;;;;;
0,000602;0,581578;0,580975;;;;;;
0,002293;0,582882;0,58059;;;;;;
0,002406;0,581578;0,579172;;;;;;
0,001722;0,576955;0,575233;;;;;;
0,000508;0,574708;0,5742;;;;;;
0,001706;0,574274;0,572568;;;;;;
0,002097;0,564649;0,562552;;;;;;
0,033103;0,594622;0,561519;;;;;;
0,001773;0,558429;0,556656;;;;;;
0,002067;0,552432;0,550365;;;;;;
0,023092;0,569338;0,546246;;;;;;
0,02257;0,56801;0,545439;;;;;;
0,001434;0,544236;0,542802;;;;;;
0,001928;0,542665;0,540737;;;;;;
0,002415;0,537622;0,535206;;;;;;
0,021608;0,556578;0,53497;;;;;;
0,002289;0,536934;0,534645;;;;;;
0,002294;0,536934;0,53464;;;;;;
0,001259;0,53409;0,532831;;;;;;
0,001477;0,532596;0,531119;;;;;;
0,001596;0,532596;0,530999;;;;;;
0,021474;0,552386;0,530912;;;;;;
0,021123;0,550887;0,529764;;;;;;
0,00181;0,531182;0,529371;;;;;;
0,020814;0,545288;0,524473;;;;;;
0,001935;0,526326;0,524391;;;;;;
0,021049;0,544354;0,523304;;;;;;
0,021199;0,542665;0,521466;;;;;;
0,021281;0,542001;0,52072;;;;;;
0,021196;0,541825;0,520629;;;;;;
0,020791;0,541209;0,520418;;;;;;
0,010493;0,526821;0,516327;;;;;;
0,000605;0,516369;0,515764;;;;;;
0,001649;0,516923;0,515274;;;;;;
0,001936;0,516665;0,514729;;;;;;
0,0015;0,516139;0,514639;;;;;;
0,001631;0,515616;0,513986;;;;;;
0,000559;0,514434;0,513876;;;;;;
0,020554;0,53409;0,513536;;;;;;
0,020653;0,529663;0,50901;;;;;;
0,02068;0,529609;0,508929;;;;;;
0,02068;0,529609;0,508929;;;;;;
0,02068;0,529609;0,508929;;;;;;
0,02062;0,529472;0,508852;;;;;;
0,020604;0,529357;0,508753;;;;;;
0,020611;0,529332;0,508721;;;;;;
0,020627;0,529225;0,508598;;;;;;
0,020595;0,52914;0,508545;;;;;;
0,001929;0,510407;0,508478;;;;;;
0,020634;0,529089;0,508455;;;;;;
0,020607;0,528279;0,507672;;;;;;
0,020621;0,528145;0,507524;;;;;;
0,020605;0,528087;0,507482;;;;;;
0,002014;0,507982;0,505968;;;;;;
0,002327;0,508288;0,505961;;;;;;
0,002327;0,508288;0,505961;;;;;;
0,025504;0,530953;0,505449;;;;;;
0,000896;0,506018;0,505122;;;;;;
0,002229;0,506018;0,503789;;;;;;
0,022762;0,526517;0,503755;;;;;;
0,000829;0,504012;0,503182;;;;;;
0,001422;0,503964;0,502542;;;;;;
0,001974;0,503897;0,501924;;;;;;
0,000307;0,501729;0,501423;;;;;;
0,00163;0,50304;0,50141;;;;;;
0,000694;0,501438;0,500745;;;;;;
0,000631;0,500695;0,500064;;;;;;
0,000736;0,500647;0,49991;;;;;;
0,017504;0,516923;0,499419;;;;;;
0,00033;0,498888;0,498558;;;;;;
0,001739;0,498729;0,49699;;;;;;
0,020389;0,516435;0,496046;;;;;;
0,000036;0,495947;0,49591;;;;;;
0,020088;0,515415;0,495326;;;;;;
0,001794;0,497017;0,495223;;;;;;
0,020047;0,515195;0,495148;;;;;;
0,00089;0,496027;0,495137;;;;;;
0,019993;0,515016;0,495023;;;;;;
0,013251;0,507755;0,494504;;;;;;
0,000296;0,49416;0,493864;;;;;;
0,000666;0,494464;0,493798;;;;;;
0,002095;0,494981;0,492887;;;;;;
0,002328;0,494668;0,492339;;;;;;
0,021275;0,513611;0,492336;;;;;;
0,018795;0,511118;0,492323;;;;;;
0,001951;0,494043;0,492092;;;;;;
0,020028;0,51152;0,491492;;;;;;
0,00078;0,492202;0,491422;;;;;;
0,014221;0,503899;0,489678;;;;;;
0,019727;0,507984;0,488256;;;;;;
0,001112;0,488692;0,48758;;;;;;
0,017314;0,50431;0,486996;;;;;;
0,019422;0,50575;0,486329;;;;;;
0,000258;0,486474;0,486215;;;;;;
0,01791;0,503722;0,485813;;;;;;
0,019614;0,504214;0,484599;;;;;;
0,017237;0,501438;0,484201;;;;;;
0,019207;0,50232;0,483113;;;;;;
0,018612;0,501574;0,482962;;;;;;
0,029725;0,512608;0,482883;;;;;;
0,021545;0,504078;0,482533;;;;;;
0,019329;0,500959;0,48163;;;;;;
0,019454;0,500236;0,480782;;;;;;
0,019419;0,499503;0,480084;;;;;;
0,002162;0,481927;0,479765;;;;;;
0,019603;0,499286;0,479683;;;;;;
0,019603;0,499286;0,479683;;;;;;
0,019546;0,499222;0,479676;;;;;;
0,002218;0,481857;0,479639;;;;;;
0,019554;0,498985;0,479431;;;;;;
0,019554;0,498985;0,479431;;;;;;
0,019405;0,498815;0,47941;;;;;;
0,019405;0,498815;0,47941;;;;;;
0,002303;0,479793;0,47749;;;;;;
0,001517;0,476882;0,475365;;;;;;
0,001982;0,476751;0,47477;;;;;;
0,002724;0,476751;0,474027;;;;;;
0,019202;0,49045;0,471247;;;;;;
0,018985;0,489827;0,470842;;;;;;
0,020554;0,490641;0,470087;;;;;;
0,023542;0,492002;0,468459;;;;;;
0,018111;0,485271;0,467161;;;;;;
0,000633;0,466746;0,466114;;;;;;
0,015106;0,480717;0,465611;;;;;;
0,01873;0,484239;0,46551;;;;;;
0,024567;0,489827;0,46526;;;;;;
0,025218;0,490233;0,465015;;;;;;
0,024599;0,489184;0,464585;;;;;;
0,018718;0,481506;0,462787;;;;;;
0,018838;0,481506;0,462668;;;;;;
0,018792;0,481102;0,46231;;;;;;
0,018774;0,480867;0,462093;;;;;;
0,018745;0,479994;0,461249;;;;;;
0,017326;0,47852;0,461194;;;;;;
0,00142;0,462391;0,460971;;;;;;
0,018652;0,479133;0,460481;;;;;;
0,018732;0,478858;0,460127;;;;;;
0,014513;0,473412;0,458899;;;;;;
0,015911;0,474775;0,458864;;;;;;
0,016318;0,47514;0,458822;;;;;;
0,001527;0,459183;0,457655;;;;;;
0,028951;0,486463;0,457511;;;;;;
0,013243;0,470733;0,45749;;;;;;
0,001551;0,458242;0,456691;;;;;;
0,001393;0,457671;0,456278;;;;;;
0,000367;0,456201;0,455834;;;;;;
0,018613;0,473926;0,455313;;;;;;
0,026237;0,481303;0,455066;;;;;;
0,026237;0,481303;0,455066;;;;;;
0,01851;0,47339;0,45488;;;;;;
0,022179;0,47685;0,45467;;;;;;
0,018463;0,472643;0,45418;;;;;;
0,016438;0,470349;0,453911;;;;;;
0,018452;0,47208;0,453628;;;;;;
0,01842;0,471454;0,453034;;;;;;
0,018495;0,471472;0,452976;;;;;;
0,01933;0,471677;0,452347;;;;;;
0,018522;0,469846;0,451324;;;;;;
0,012249;0,463203;0,450954;;;;;;
0,02174;0,472639;0,450899;;;;;;
0,018321;0,468112;0,449791;;;;;;
0,002135;0,451583;0,449448;;;;;;
0,013523;0,462821;0,449298;;;;;;
0,018267;0,466288;0,448021;;;;;;
0,018166;0,465947;0,447781;;;;;;
0,018578;0,465847;0,447269;;;;;;
0,018277;0,465231;0,446955;;;;;;
0,012767;0,459183;0,446416;;;;;;
0,014819;0,460686;0,445867;;;;;;
0,017956;0,463725;0,445769;;;;;;
0,018213;0,463946;0,445733;;;;;;
0,040807;0,486;0,445193;;;;;;
0,025756;0,470767;0,445011;;;;;;
0,022698;0,467474;0,444776;;;;;;
0,026011;0,470767;0,444757;;;;;;
0,01865;0,463245;0,444595;;;;;;
0,018217;0,462495;0,444278;;;;;;
0,022502;0,466599;0,444097;;;;;;
0,018137;0,461955;0,443817;;;;;;
0,018137;0,461955;0,443817;;;;;;
0,018073;0,461507;0,443434;;;;;;
0,013239;0,456399;0,44316;;;;;;
0,018156;0,461234;0,443078;;;;;;
0,021084;0,464131;0,443047;;;;;;
0,01203;0,455064;0,443034;;;;;;
0,005449;0,447861;0,442412;;;;;;
0,019409;0,460638;0,441229;;;;;;
0,00155;0,442605;0,441055;;;;;;
0,018068;0,458604;0,440537;;;;;;
0,002144;0,441604;0,43946;;;;;;
0,017766;0,455794;0,438027;;;;;;
0,010024;0,447934;0,43791;;;;;;
0,011165;0,448866;0,437701;;;;;;
0,015446;0,453004;0,437558;;;;;;
0,015446;0,453004;0,437558;;;;;;
0,017695;0,454901;0,437205;;;;;;
0,015661;0,452779;0,437118;;;;;;
0,022436;0,459444;0,437007;;;;;;
0,017931;0,454504;0,436574;;;;;;
0,017819;0,454231;0,436412;;;;;;
0,01783;0,453996;0,436165;;;;;;
0,01783;0,453996;0,436165;;;;;;
0,01784;0,453507;0,435667;;;;;;
0,013244;0,447842;0,434598;;;;;;
0,02024;0,454626;0,434386;;;;;;
0,011648;0,445755;0,434107;;;;;;
0,010318;0,44411;0,433792;;;;;;
0,011644;0,444845;0,433201;;;;;;
0,000535;0,433588;0,433053;;;;;;
0,010814;0,443541;0,432726;;;;;;
0,01076;0,443252;0,432493;;;;;;
0,021121;0,453507;0,432386;;;;;;
0,000564;0,431858;0,431294;;;;;;
0,017652;0,448049;0,430396;;;;;;
0,017578;0,447861;0,430283;;;;;;
0,017658;0,447861;0,430203;;;;;;
0,056655;0,486474;0,429819;;;;;;
0,017577;0,446948;0,429372;;;;;;
0,00008;0,429263;0,429183;;;;;;
0,017666;0,44632;0,428654;;;;;;
0,027379;0,455347;0,427968;;;;;;
0,010575;0,438255;0,42768;;;;;;
0,010625;0,437641;0,427016;;;;;;
0,034411;0,459867;0,425457;;;;;;
0,023083;0,44853;0,425447;;;;;;
0,017509;0,442447;0,424938;;;;;;
0,0175;0,442154;0,424654;;;;;;
0,009888;0,434503;0,424615;;;;;;
0,01748;0,441904;0,424424;;;;;;
0,068237;0,492478;0,424241;;;;;;
0,017417;0,441479;0,424062;;;;;;
0,039848;0,462763;0,422915;;;;;;
0,017449;0,440214;0,422765;;;;;;
0,017442;0,438681;0,421238;;;;;;
0,017442;0,438681;0,421238;;;;;;
0,013503;0,434534;0,421031;;;;;;
0,013503;0,434534;0,421031;;;;;;
0,017332;0,437073;0,419741;;;;;;
0,017332;0,437073;0,419741;;;;;;
0,016094;0,435224;0,41913;;;;;;
0,009673;0,428415;0,418741;;;;;;
0,00851;0,427023;0,418513;;;;;;
0,058407;0,476551;0,418144;;;;;;
0,017854;0,435987;0,418133;;;;;;
0,017246;0,435224;0,417978;;;;;;
0,008605;0,426396;0,417792;;;;;;
0,016948;0,434701;0,417753;;;;;;
0,017205;0,434434;0,417229;;;;;;
0,017263;0,433936;0,416674;;;;;;
0,008478;0,425122;0,416644;;;;;;
0,017151;0,4331;0,415949;;;;;;
0,077063;0,492888;0,415825;;;;;;
0,014408;0,430125;0,415717;;;;;;
0,001371;0,416523;0,415152;;;;;;
0,017385;0,432259;0,414874;;;;;;
0,017232;0,431814;0,414582;;;;;;
0,01696;0,43121;0,41425;;;;;;
0,01675;0,430773;0,414023;;;;;;
0,005807;0,419665;0,413858;;;;;;
0,016997;0,430359;0,413362;;;;;;
0,008942;0,421538;0,412597;;;;;;
0,017147;0,429471;0,412325;;;;;;
0,008877;0,421083;0,412206;;;;;;
0,017083;0,429263;0,41218;;;;;;
0,067421;0,47941;0,411989;;;;;;
0,015147;0,426658;0,41151;;;;;;
0,01592;0,427151;0,411231;;;;;;
0,016575;0,427296;0,410721;;;;;;
0,000444;0,41101;0,410566;;;;;;
0,016913;0,427156;0,410242;;;;;;
0,016754;0,426257;0,409503;;;;;;
0,01679;0,425823;0,409032;;;;;;
0,000516;0,40915;0,408634;;;;;;
0,016728;0,425258;0,408531;;;;;;
0,001647;0,409666;0,408019;;;;;;
0,005534;0,413547;0,408014;;;;;;
0,016558;0,424572;0,408013;;;;;;
0,000535;0,408535;0,408;;;;;;
0,008746;0,416523;0,407777;;;;;;
0,000367;0,408042;0,407675;;;;;;
0,016411;0,423889;0,407478;;;;;;
0,005275;0,412269;0,406993;;;;;;
0,016803;0,423651;0,406848;;;;;;
0,001651;0,408275;0,406624;;;;;;
0,005369;0,411943;0,406575;;;;;;
0,076026;0,48185;0,405824;;;;;;
0,016825;0,422612;0,405787;;;;;;
0,00067;0,406323;0,405653;;;;;;
0,005442;0,411049;0,405607;;;;;;
0,01683;0,422094;0,405264;;;;;;
0,006783;0,411154;0,404371;;;;;;
0,007881;0,412203;0,404322;;;;;;
0,016225;0,419249;0,403024;;;;;;
0,010096;0,412633;0,402537;;;;;;
0,007751;0,41028;0,402529;;;;;;
0,02116;0,422118;0,400957;;;;;;
0,011343;0,412268;0,400925;;;;;;
0,008045;0,408621;0,400576;;;;;;
0,013845;0,41442;0,400575;;;;;;
0,013845;0,41442;0,400575;;;;;;
0,013135;0,413547;0,400412;;;;;;
0,010952;0,41102;0,400069;;;;;;
0,009393;0,40917;0,399778;;;;;;
0,015493;0,415162;0,39967;;;;;;
0,006889;0,40647;0,399581;;;;;;
0,016647;0,416204;0,399557;;;;;;
0,027129;0,426396;0,399267;;;;;;
0,015651;0,41445;0,3988;;;;;;
0,010473;0,40917;0,398697;;;;;;
0,015925;0,414536;0,398611;;;;;;
0,007817;0,40613;0,398313;;;;;;
0,015411;0,413582;0,398172;;;;;;
0,015016;0,412983;0,397967;;;;;;
0,017395;0,414482;0,397087;;;;;;
0,013208;0,41028;0,397072;;;;;;
0,016687;0,413757;0,39707;;;;;;
0,016611;0,413407;0,396796;;;;;;
0,088089;0,484591;0,396501;;;;;;
0,088089;0,484591;0,396501;;;;;;
0,016517;0,412983;0,396466;;;;;;
0,001018;0,397363;0,396345;;;;;;
0,015931;0,412203;0,396272;;;;;;
0,014548;0,410764;0,396216;;;;;;
0,015286;0,411493;0,396208;;;;;;
0,016516;0,41242;0,395903;;;;;;
0,016733;0,412633;0,3959;;;;;;
0,016689;0,412521;0,395833;;;;;;
0,01659;0,412149;0,395558;;;;;;
0,017163;0,412691;0,395528;;;;;;
0,017131;0,412622;0,395491;;;;;;
0,010674;0,40613;0,395456;;;;;;
0,01656;0,411852;0,395292;;;;;;
0,000965;0,395882;0,394916;;;;;;
0,013457;0,4082;0,394743;;;;;;
0,01467;0,409282;0,394613;;;;;;
0,016424;0,41102;0,394596;;;;;;
0,00181;0,396348;0,394537;;;;;;
0,016623;0,411143;0,394519;;;;;;
0,015283;0,409561;0,394278;;;;;;
0,016522;0,410764;0,394243;;;;;;
0,013409;0,407614;0,394205;;;;;;
0,016262;0,41028;0,394018;;;;;;
0,017271;0,411219;0,393948;;;;;;
0,016953;0,410814;0,393861;;;;;;
0,017195;0,410689;0,393494;;;;;;
0,037716;0,430773;0,393057;;;;;;
0,015143;0,408065;0,392922;;;;;;
0,017264;0,410107;0,392843;;;;;;
0,002246;0,395026;0,392779;;;;;;
0,016521;0,409101;0,39258;;;;;;
0,002045;0,394541;0,392496;;;;;;
0,001029;0,393496;0,392467;;;;;;
0,017904;0,410187;0,392283;;;;;;
0,016534;0,408753;0,392219;;;;;;
0,008414;0,400603;0,392189;;;;;;
0,016479;0,408582;0,392103;;;;;;
0,009815;0,401864;0,39205;;;;;;
0,018148;0,410187;0,392039;;;;;;
0,00848;0,400431;0,391951;;;;;;
0,002297;0,393878;0,39158;;;;;;
0,016429;0,407672;0,391243;;;;;;
0,002239;0,393434;0,391195;;;;;;
0,017491;0,408621;0,39113;;;;;;
0,000166;0,391246;0,39108;;;;;;
0,00779;0,398864;0,391073;;;;;;
0,00074;0,391645;0,390905;;;;;;
0,000445;0,391246;0,390802;;;;;;
0,002134;0,392894;0,390761;;;;;;
0,000546;0,390584;0,390039;;;;;;
0,016317;0,406249;0,389933;;;;;;
0,021123;0,411049;0,389926;;;;;;
0,016355;0,405995;0,389639;;;;;;
0,016355;0,405995;0,389639;;;;;;
0,015809;0,40537;0,389561;;;;;;
0,015237;0,404697;0,389459;;;;;;
0,074372;0,463604;0,389232;;;;;;
0,074372;0,463604;0,389232;;;;;;
0,018879;0,407857;0,388978;;;;;;
0,016283;0,405256;0,388973;;;;;;
0,016312;0,405256;0,388945;;;;;;
0,042125;0,431014;0,388889;;;;;;
0,005662;0,394522;0,38886;;;;;;
0,016381;0,405138;0,388757;;;;;;
0,016315;0,404923;0,388608;;;;;;
0,001263;0,38971;0,388447;;;;;;
0,009487;0,397728;0,388241;;;;;;
0,016279;0,404505;0,388227;;;;;;
0,008298;0,39599;0,387692;;;;;;
0,018668;0,406249;0,387582;;;;;;
0,010234;0,397263;0,387029;;;;;;
0,016107;0,402851;0,386744;;;;;;
0,014042;0,400603;0,386561;;;;;;
0,016266;0,402608;0,386342;;;;;;
0,01627;0,402559;0,386289;;;;;;
0,011061;0,397027;0,385966;;;;;;
0,011061;0,397027;0,385966;;;;;;
0,016158;0,401949;0,385791;;;;;;
0,010293;0,396004;0,385711;;;;;;
0,000637;0,386111;0,385474;;;;;;
0,000637;0,386111;0,385474;;;;;;
0,018473;0,403882;0,385408;;;;;;
0,016392;0,401755;0,385363;;;;;;
0,016235;0,401275;0,38504;;;;;;
0,016391;0,401387;0,384996;;;;;;
0,023877;0,408841;0,384964;;;;;;
0,018072;0,402274;0,384203;;;;;;
0,000677;0,384622;0,383946;;;;;;
0,000894;0,38445;0,383556;;;;;;
0,010818;0,394267;0,383449;;;;;;
0,016133;0,399397;0,383264;;;;;;
0,016133;0,399397;0,383264;;;;;;
0,016133;0,399397;0,383264;;;;;;
0,014015;0,397263;0,383248;;;;;;
0,017406;0,40052;0,383114;;;;;;
0,016154;0,39926;0,383106;;;;;;
0,016107;0,399067;0,38296;;;;;;
0,016107;0,399067;0,38296;;;;;;
0,015865;0,398818;0,382953;;;;;;
0,016703;0,399524;0,382821;;;;;;
0,016111;0,398906;0,382795;;;;;;
0,016075;0,398818;0,382743;;;;;;
0,016148;0,398695;0,382547;;;;;;
0,020359;0,402851;0,382492;;;;;;
0,021622;0,4041;0,382478;;;;;;
0,018049;0,400431;0,382383;;;;;;
0,00938;0,391645;0,382265;;;;;;
0,016168;0,39837;0,382202;;;;;;
0,016152;0,398128;0,381976;;;;;;
0,016177;0,398035;0,381857;;;;;;
0,014317;0,396166;0,381849;;;;;;
0,023391;0,40519;0,381799;;;;;;
0,01451;0,396166;0,381656;;;;;;
0,016029;0,397481;0,381452;;;;;;
0,010226;0,39162;0,381394;;;;;;
0,01603;0,397414;0,381384;;;;;;
0,016186;0,397361;0,381175;;;;;;
0,016022;0,397135;0,381113;;;;;;
0,000923;0,382016;0,381093;;;;;;
0,016042;0,396979;0,380937;;;;;;
0,026727;0,4076;0,380873;;;;;;
0,015748;0,396613;0,380865;;;;;;
0,017804;0,398659;0,380855;;;;;;
0,018312;0,398401;0,380089;;;;;;
0,016082;0,396148;0,380067;;;;;;
0,011941;0,391832;0,379891;;;;;;
0,016045;0,395742;0,379696;;;;;;
0,015495;0,394764;0,37927;;;;;;
0,015523;0,394644;0,379121;;;;;;
0,015994;0,395043;0,37905;;;;;;
0,01254;0,391509;0,378969;;;;;;
0,016093;0,394535;0,378442;;;;;;
0,016022;0,394343;0,378322;;;;;;
0,016082;0,394267;0,378185;;;;;;
0,015881;0,394026;0,378145;;;;;;
0,009039;0,387165;0,378126;;;;;;
0,016142;0,394267;0,378125;;;;;;
0,009042;0,387165;0,378123;;;;;;
0,048569;0,426658;0,378089;;;;;;
0,015985;0,394026;0,378041;;;;;;
0,01716;0,395166;0,378005;;;;;;
0,016041;0,393885;0,377844;;;;;;
0,031284;0,408941;0,377657;;;;;;
0,000774;0,378276;0,377502;;;;;;
0,000774;0,378276;0,377502;;;;;;
0,01982;0,397207;0,377387;;;;;;
0,01603;0,393405;0,377375;;;;;;
0,016065;0,39336;0,377296;;;;;;
0,007452;0,38435;0,376897;;;;;;
0,007457;0,38435;0,376892;;;;;;
0,001649;0,378519;0,37687;;;;;;
0,015817;0,39249;0,376673;;;;;;
0,008594;0,385241;0,376647;;;;;;
0,015932;0,392513;0,376582;;;;;;
0,016842;0,393319;0,376477;;;;;;
0,015951;0,392122;0,376171;;;;;;
0,015939;0,391827;0,375888;;;;;;
0,015951;0,391645;0,375694;;;;;;
0,015755;0,391035;0,37528;;;;;;
0,019781;0,395025;0,375244;;;;;;
0,016591;0,39162;0,375029;;;;;;
0,015786;0,390762;0,374976;;;;;;
0,018524;0,393393;0,37487;;;;;;
0,01595;0,390775;0,374825;;;;;;
0,012483;0,387249;0,374766;;;;;;
0,012514;0,387092;0,374579;;;;;;
0,008726;0,383247;0,374521;;;;;;
0,015899;0,390141;0,374242;;;;;;
0,017188;0,391334;0,374146;;;;;;
0,015955;0,389894;0,373939;;;;;;
0,01588;0,389441;0,373561;;;;;;
0,014808;0,388281;0,373473;;;;;;
0,008503;0,381927;0,373424;;;;;;
0,12391;0,497017;0,373107;;;;;;
0,014749;0,387563;0,372815;;;;;;
0,022403;0,395025;0,372622;;;;;;
0,020195;0,39258;0,372385;;;;;;
0,02874;0,400735;0,371995;;;;;;
0,01576;0,387563;0,371803;;;;;;
0,014655;0,386246;0,371591;;;;;;
0,001038;0,37249;0,371452;;;;;;
0,015676;0,386715;0,371039;;;;;;
0,000141;0,371128;0,370987;;;;;;
0,015676;0,386594;0,370918;;;;;;
0,015934;0,386042;0,370108;;;;;;
0,037833;0,407919;0,370085;;;;;;
0,002635;0,372689;0,370054;;;;;;
0,015724;0,385383;0,369659;;;;;;
0,011849;0,381296;0,369447;;;;;;
0,015823;0,384965;0,369142;;;;;;
0,015823;0,384965;0,369142;;;;;;
0,01614;0,384334;0,368194;;;;;;
0,061959;0,430125;0,368166;;;;;;
0,015845;0,383981;0,368136;;;;;;
0,015657;0,383705;0,368048;;;;;;
0,015852;0,383108;0,367256;;;;;;
0,015852;0,383108;0,367256;;;;;;
0,015723;0,382868;0,367145;;;;;;
0,015723;0,382868;0,367145;;;;;;
0,015972;0,382652;0,36668;;;;;;
0,000732;0,367267;0,366535;;;;;;
0,010299;0,37677;0,366471;;;;;;
0,017216;0,383033;0,365817;;;;;;
0,015614;0,381286;0,365671;;;;;;
0,01113;0,376709;0,365579;;;;;;
0,010452;0,376027;0,365575;;;;;;
0,012433;0,378003;0,365571;;;;;;
0,008419;0,373821;0,365402;;;;;;
0,016842;0,381823;0,364981;;;;;;
0,014247;0,379144;0,364897;;;;;;
0,015749;0,380622;0,364872;;;;;;
0,015834;0,380596;0,364762;;;;;;
0,01599;0,380664;0,364674;;;;;;
0,01552;0,379318;0,363798;;;;;;
0,015584;0,37937;0,363786;;;;;;
0,030157;0,393924;0,363766;;;;;;
0,018352;0,382016;0,363664;;;;;;
0,01555;0,379198;0,363648;;;;;;
0,015664;0,379287;0,363623;;;;;;
0,015762;0,379287;0,363525;;;;;;
0,015602;0,37873;0,363129;;;;;;
0,002068;0,365081;0,363013;;;;;;
0,000668;0,363625;0,362957;;;;;;
0,018599;0,380823;0,362224;;;;;;
0,016019;0,378078;0,362059;;;;;;
0,017551;0,379608;0,362057;;;;;;
0,022629;0,384622;0,361993;;;;;;
0,01556;0,377398;0,361839;;;;;;
0,006943;0,368577;0,361633;;;;;;
0,0156;0,377228;0,361629;;;;;;
0,015408;0,376894;0,361486;;;;;;
0,015408;0,376894;0,361486;;;;;;
0,011447;0,372589;0,361142;;;;;;
0,015214;0,376304;0,36109;;;;;;
0,011036;0,371897;0,360861;;;;;;
0,019033;0,3796;0,360567;;;;;;
0,012392;0,372679;0,360287;;;;;;
0,015387;0,375674;0,360287;;;;;;
0,015469;0,375685;0,360216;;;;;;
0,027032;0,387145;0,360113;;;;;;
0,0155;0,375509;0,36001;;;;;;
0,0155;0,375509;0,36001;;;;;;
0,015409;0,375329;0,35992;;;;;;
0,010676;0,37059;0,359914;;;;;;
0,037668;0,397361;0,359693;;;;;;
0,018425;0,378077;0,359652;;;;;;
0,032415;0,391509;0,359094;;;;;;
0,01748;0,376538;0,359058;;;;;;
0,014301;0,372889;0,358588;;;;;;
0,022041;0,380596;0,358554;;;;;;
0,018314;0,37677;0,358456;;;;;;
0,015399;0,373777;0,358377;;;;;;
0,015399;0,373777;0,358377;;;;;;
0,015484;0,373765;0,358282;;;;;;
0,011957;0,370071;0,358114;;;;;;
0,015346;0,373367;0,358021;;;;;;
0,01541;0,37314;0,35773;;;;;;
0,01541;0,37314;0,35773;;;;;;
0,011986;0,369604;0,357618;;;;;;
0,009941;0,367437;0,357496;;;;;;
0,024355;0,381768;0,357413;;;;;;
0,009516;0,366852;0,357336;;;;;;
0,009236;0,366449;0,357213;;;;;;
0,044615;0,401755;0,35714;;;;;;
0,010475;0,367437;0,356962;;;;;;
0,015384;0,372325;0,35694;;;;;;
0,015279;0,371794;0,356515;;;;;;
0,015279;0,371794;0,356515;;;;;;
0,009562;0,365491;0,355929;;;;;;
0,045033;0,400708;0,355675;;;;;;
0,015276;0,370607;0,35533;;;;;;
0,015276;0,370607;0,35533;;;;;;
0,011348;0,366449;0,355101;;;;;;
0,020972;0,376027;0,355055;;;;;;
0,021808;0,376855;0,355048;;;;;;
0,011493;0,366293;0,3548;;;;;;
0,013485;0,368138;0,354653;;;;;;
0,012995;0,367596;0,354601;;;;;;
0,001831;0,356288;0,354457;;;;;;
0,015349;0,369773;0,354424;;;;;;
0,015403;0,369726;0,354323;;;;;;
0,034027;0,388241;0,354214;;;;;;
0,011076;0,365007;0,353931;;;;;;
0,01528;0,369136;0,353856;;;;;;
0,015315;0,369073;0,353758;;;;;;
0,006699;0,360365;0,353666;;;;;;
0,04529;0,398864;0,353574;;;;;;
0,030089;0,383247;0,353158;;;;;;
0,025319;0,378304;0,352985;;;;;;
0,006729;0,359359;0,35263;;;;;;
0,014952;0,367171;0,352219;;;;;;
0,01514;0,367089;0,351949;;;;;;
0,01416;0,366011;0,351851;;;;;;
0,012799;0,36464;0,351841;;;;;;
0,041518;0,393278;0,35176;;;;;;
0,031515;0,383247;0,351732;;;;;;
0,015148;0,366848;0,351701;;;;;;
0,013463;0,365101;0,351638;;;;;;
0,015313;0,366852;0,351539;;;;;;
0,018225;0,369604;0,351379;;;;;;
0,010209;0,361554;0,351345;;;;;;
0,010209;0,361554;0,351345;;;;;;
0,01132;0,362664;0,351344;;;;;;
0,006644;0,357814;0,35117;;;;;;
0,006732;0,357814;0,351082;;;;;;
0,009789;0,360818;0,351029;;;;;;
0,012125;0,362664;0,350539;;;;;;
0,012809;0,363111;0,350302;;;;;;
0,010788;0,360799;0,350011;;;;;;
0,010435;0,360365;0,34993;;;;;;
0,015245;0,364913;0,349667;;;;;;
0,015106;0,364397;0,349291;;;;;;
0,017947;0,367225;0,349277;;;;;;
0,011494;0,360766;0,349272;;;;;;
0,044725;0,393924;0,349199;;;;;;
0,015128;0,364272;0,349144;;;;;;
0,015128;0,364272;0,349144;;;;;;
0,00065;0,34978;0,34913;;;;;;
0,015063;0,364057;0,348994;;;;;;
0,005748;0,354674;0,348926;;;;;;
0,012453;0,36129;0,348837;;;;;;
0,01513;0,36306;0,34793;;;;;;
0,014385;0,362302;0,347917;;;;;;
0,01513;0,362893;0,347763;;;;;;
0,013197;0,360721;0,347523;;;;;;
0,005822;0,353305;0,347483;;;;;;
0,044865;0,392189;0,347324;;;;;;
0,143833;0,491037;0,347204;;;;;;
0,011585;0,358786;0,347201;;;;;;
0,014307;0,361278;0,346971;;;;;;
0,015088;0,362014;0,346925;;;;;;
0,015195;0,362094;0,346899;;;;;;
0,015195;0,362094;0,346899;;;;;;
0,01313;0,359704;0,346574;;;;;;
0,01313;0,359704;0,346574;;;;;;
0,019928;0,366495;0,346567;;;;;;
0,01508;0,361631;0,346551;;;;;;
0,001218;0,34773;0,346512;;;;;;
0,015024;0,361491;0,346467;;;;;;
0,006563;0,353023;0,346459;;;;;;
0,005054;0,351155;0,346101;;;;;;
0,032861;0,378804;0,345943;;;;;;
0,001807;0,34773;0,345923;;;;;;
0,01506;0,360919;0,345859;;;;;;
0,015056;0,360818;0,345762;;;;;;
0,007753;0,353023;0,34527;;;;;;
0,01501;0,360057;0,345046;;;;;;
0,01501;0,360057;0,345046;;;;;;
0,01656;0,361554;0,344994;;;;;;
0,013462;0,35826;0,344799;;;;;;
0,013953;0,358386;0,344434;;;;;;
0,006988;0,351412;0,344424;;;;;;
0,010653;0,355018;0,344365;;;;;;
0,006162;0,350233;0,344072;;;;;;
0,017499;0,361554;0,344054;;;;;;
0,041349;0,385241;0,343892;;;;;;
0,014902;0,358766;0,343864;;;;;;
0,053617;0,397414;0,343797;;;;;;
0,010942;0,354691;0,343749;;;;;;
0,015111;0,358851;0,34374;;;;;;
0,005676;0,349105;0,343428;;;;;;
0,014928;0,358055;0,343127;;;;;;
0,014928;0,358055;0,343127;;;;;;
0,026997;0,36999;0,342993;;;;;;
0,013389;0,356339;0,34295;;;;;;
0,041503;0,384366;0,342862;;;;;;
0,041503;0,384366;0,342862;;;;;;
0,020775;0,363427;0,342652;;;;;;
0,014954;0,357366;0,342412;;;;;;
0,028211;0,37059;0,342379;;;;;;
0,011593;0,353783;0,34219;;;;;;
0,010615;0,352641;0,342026;;;;;;
0,00997;0,351777;0,341807;;;;;;
0,006863;0,348575;0,341712;;;;;;
0,006736;0,3481;0,341364;;;;;;
0,013586;0,354839;0,341253;;;;;;
0,012626;0,353783;0,341157;;;;;;
0,014955;0,356084;0,341128;;;;;;
0,014955;0,356084;0,341128;;;;;;
0,019849;0,360721;0,340872;;;;;;
0,067165;0,407548;0,340382;;;;;;
0,013499;0,353749;0,34025;;;;;;
0,014901;0,354954;0,340054;;;;;;
0,014901;0,354954;0,340054;;;;;;
0,014714;0,354639;0,339925;;;;;;
0,006546;0,34616;0,339614;;;;;;
0,008305;0,347764;0,339459;;;;;;
0,017897;0,357347;0,33945;;;;;;
0,025776;0,365007;0,339231;;;;;;
0,01488;0,354039;0,339159;;;;;;
0,010219;0,349371;0,339152;;;;;;
0,012657;0,351777;0,33912;;;;;;
0,008304;0,347356;0,339052;;;;;;
0,00561;0,344529;0,338919;;;;;;
0,014793;0,353501;0,338708;;;;;;
0,014793;0,353501;0,338708;;;;;;
0,014867;0,353557;0,33869;;;;;;
0,008795;0,347303;0,338509;;;;;;
0,014401;0,352581;0,33818;;;;;;
0,000063;0,338187;0,338124;;;;;;
0,013026;0,351132;0,338106;;;;;;
0,000706;0,338665;0,337959;;;;;;
0,001626;0,338665;0,337039;;;;;;
0,042374;0,379377;0,337003;;;;;;
0,01481;0,351625;0,336815;;;;;;
0,014689;0,351479;0,33679;;;;;;
0,014813;0,351539;0,336726;;;;;;
0,014813;0,351539;0,336726;;;;;;
0,020191;0,356869;0,336679;;;;;;
0,015739;0,352161;0,336422;;;;;;
0,014818;0,351001;0,336183;;;;;;
0,008324;0,344446;0,336122;;;;;;
0,014788;0,350873;0,336086;;;;;;
0,009043;0,344922;0,335879;;;;;;
0,015507;0,351305;0,335798;;;;;;
0,008706;0,34422;0,335515;;;;;;
0,014664;0,349716;0,335052;;;;;;
0,019193;0,353993;0,334799;;;;;;
0,00703;0,341735;0,334705;;;;;;
0,014702;0,349354;0,334652;;;;;;
0,042532;0,376855;0,334323;;;;;;
0,014716;0,348997;0,334281;;;;;;
0,00842;0,342686;0,334267;;;;;;
0,010854;0,345075;0,334221;;;;;;
0,011393;0,345441;0,334048;;;;;;
0,014773;0,348752;0,333979;;;;;;
0,01467;0,348568;0,333898;;;;;;
0,009677;0,343217;0,333539;;;;;;
0,014544;0,348001;0,333457;;;;;;
0,014544;0,348001;0,333457;;;;;;
0,009002;0,342272;0,33327;;;;;;
0,010254;0,34321;0,332956;;;;;;
0,01126;0,343996;0,332736;;;;;;
0,015432;0,34807;0,332638;;;;;;
0,057073;0,38971;0,332637;;;;;;
0,014687;0,347058;0,332371;;;;;;
0,014687;0,347058;0,332371;;;;;;
0,014712;0,346847;0,332136;;;;;;
0,014712;0,346847;0,332136;;;;;;
0,016658;0,34868;0,332022;;;;;;
0,005334;0,337348;0,332014;;;;;;
0,029695;0,361289;0,331593;;;;;;
0,017127;0,34807;0,330943;;;;;;
0,073415;0,40416;0,330745;;;;;;
0,012668;0,343261;0,330593;;;;;;
0,010995;0,341288;0,330293;;;;;;
0,014216;0,344488;0,330272;;;;;;
0,014656;0,344863;0,330207;;;;;;
0,009862;0,339755;0,329893;;;;;;
0,032831;0,362664;0,329833;;;;;;
0,014629;0,344446;0,329817;;;;;;
0,008607;0,338369;0,329763;;;;;;
0,014641;0,34422;0,329579;;;;;;
0,014567;0,343996;0,329429;;;;;;
0,006632;0,335978;0,329346;;;;;;
0,006342;0,335555;0,329214;;;;;;
0,018994;0,348057;0,329063;;;;;;
0,009376;0,338185;0,328808;;;;;;
0,009379;0,338185;0,328805;;;;;;
0,008269;0,336752;0,328483;;;;;;
0,014418;0,342825;0,328407;;;;;;
0,014585;0,342888;0,328303;;;;;;
0,016206;0,344349;0,328143;;;;;;
0,02398;0,352002;0,328022;;;;;;
0,006946;0,334835;0,327889;;;;;;
0,005387;0,332898;0,327512;;;;;;
0,011986;0,339275;0,327289;;;;;;
0,156641;0,483891;0,32725;;;;;;
0,008824;0,335978;0,327154;;;;;;
0,007768;0,334613;0,326845;;;;;;
0,014456;0,341201;0,326745;;;;;;
0,010036;0,336752;0,326716;;;;;;
0,010778;0,337463;0,326685;;;;;;
0,010778;0,337463;0,326685;;;;;;
0,017883;0,344529;0,326646;;;;;;
0,009961;0,336539;0,326578;;;;;;
0,01003;0,336584;0,326554;;;;;;
0,014566;0,340685;0,326119;;;;;;
0,014566;0,340685;0,326119;;;;;;
0,014429;0,340505;0,326077;;;;;;
0,014448;0,340386;0,325938;;;;;;
0,014448;0,340386;0,325938;;;;;;
0,014576;0,340347;0,325772;;;;;;
0,02895;0,354691;0,325741;;;;;;
0,006486;0,332045;0,32556;;;;;;
0,008246;0,333687;0,325441;;;;;;
0,014383;0,339778;0,325395;;;;;;
0,029747;0,354839;0,325092;;;;;;
0,014541;0,339595;0,325054;;;;;;
0,021746;0,346702;0,324956;;;;;;
0,014444;0,339275;0,324831;;;;;;
0,011538;0,336273;0,324735;;;;;;
0,000928;0,325596;0,324668;;;;;;
0,01441;0,339045;0,324635;;;;;;
0,010784;0,335365;0,324582;;;;;;
0,02676;0,351305;0,324545;;;;;;
0,01102;0,335555;0,324536;;;;;;
0,014326;0,338741;0,324415;;;;;;
0,020264;0,344408;0,324144;;;;;;
0,011635;0,335702;0,324067;;;;;;
0,014452;0,338456;0,324004;;;;;;
0,014452;0,338456;0,324004;;;;;;
0,01485;0,33869;0,32384;;;;;;
0,015173;0,338705;0,323531;;;;;;
0,014388;0,337762;0,323374;;;;;;
0,001467;0,324581;0,323114;;;;;;
0,014475;0,337326;0,32285;;;;;;
0,014475;0,337326;0,32285;;;;;;
0,022429;0,345187;0,322758;;;;;;
0,014371;0,33702;0,32265;;;;;;
0,024869;0,347303;0,322434;;;;;;
0,014316;0,336678;0,322362;;;;;;
0,014316;0,336678;0,322362;;;;;;
0,014395;0,336635;0,322239;;;;;;
0,007766;0,329984;0,322218;;;;;;
0,011336;0,333453;0,322117;;;;;;
0,014374;0,336469;0,322095;;;;;;
0,014371;0,336273;0,321902;;;;;;
0,006817;0,328532;0,321715;;;;;;
0,007049;0,328693;0,321644;;;;;;
0,014427;0,335782;0,321355;;;;;;
0,009341;0,330689;0,321348;;;;;;
0,007767;0,329036;0,321269;;;;;;
0,019503;0,340416;0,320913;;;;;;
0,014367;0,33527;0,320903;;;;;;
0,014346;0,335104;0,320758;;;;;;
0,00962;0,329951;0,320331;;;;;;
0,007712;0,328005;0,320293;;;;;;
0,028298;0,348575;0,320277;;;;;;
0,007817;0,327889;0,320072;;;;;;
0,01434;0,334085;0,319746;;;;;;
0,034939;0,354555;0,319616;;;;;;
0,025028;0,344578;0,31955;;;;;;
0,014158;0,333503;0,319345;;;;;;
0,014322;0,333605;0,319283;;;;;;
0,014285;0,333425;0,31914;;;;;;
0,014356;0,333159;0,318803;;;;;;
0,014604;0,333336;0,318732;;;;;;
0,014604;0,333336;0,318732;;;;;;
0,014756;0,333438;0,318682;;;;;;
0,014301;0,332902;0,318602;;;;;;
0,014301;0,332902;0,318602;;;;;;
0,016398;0,334718;0,31832;;;;;;
0,119529;0,437642;0,318113;;;;;;
0,008334;0,326208;0,317874;;;;;;
0,012749;0,330595;0,317847;;;;;;
0,011207;0,329027;0,31782;;;;;;
0,008173;0,325908;0,317735;;;;;;
0,014091;0,331647;0,317556;;;;;;
0,014124;0,331476;0,317353;;;;;;
0,007839;0,325124;0,317285;;;;;;
0,014175;0,331431;0,317256;;;;;;
0,008527;0,325777;0,317251;;;;;;
0,026602;0,343803;0,317201;;;;;;
0,014875;0,331941;0,317066;;;;;;
0,016977;0,334012;0,317035;;;;;;
0,015144;0,331941;0,316797;;;;;;
0,011735;0,328511;0,316776;;;;;;
0,014328;0,331018;0,316691;;;;;;
0,014306;0,330937;0,316631;;;;;;
0,008811;0,325425;0,316614;;;;;;
0,011616;0,32811;0,316494;;;;;;
0,009178;0,325638;0,31646;;;;;;
0,008347;0,324746;0,316399;;;;;;
0,01421;0,330462;0,316252;;;;;;
0,014225;0,330067;0,315842;;;;;;
0,009426;0,325255;0,315828;;;;;;
0,014226;0,329845;0,315619;;;;;;
0,01424;0,329858;0,315618;;;;;;
0,017737;0,333169;0,315431;;;;;;
0,017737;0,333169;0,315431;;;;;;
0,014077;0,329352;0,315274;;;;;;
0,006261;0,321343;0,315082;;;;;;
0,014116;0,329092;0,314976;;;;;;
0,014116;0,329092;0,314976;;;;;;
0,006894;0,321851;0,314957;;;;;;
0,014164;0,329027;0,314863;;;;;;
0,010122;0,324517;0,314395;;;;;;
0,014226;0,328265;0,314039;;;;;;
0,014226;0,328265;0,314039;;;;;;
0,01308;0,326923;0,313842;;;;;;
0,014185;0,327872;0,313687;;;;;;
0,014185;0,327872;0,313687;;;;;;
0,013193;0,326854;0,313661;;;;;;
0,008192;0,321817;0,313624;;;;;;
0,014168;0,327686;0,313518;;;;;;
0,014168;0,327686;0,313518;;;;;;
0,013979;0,327197;0,313218;;;;;;
0,013979;0,327197;0,313218;;;;;;
0,014141;0,327308;0,313167;;;;;;
0,006927;0,320088;0,313161;;;;;;
0,014008;0,327136;0,313128;;;;;;
0,014008;0,327136;0,313128;;;;;;
0,014143;0,327195;0,313051;;;;;;
0,019979;0,332886;0,312907;;;;;;
0,015857;0,328758;0,312901;;;;;;
0,011482;0,324068;0,312586;;;;;;
0,014044;0,326367;0,312323;;;;;;
0,013142;0,325425;0,312283;;;;;;
0,009801;0,321813;0,312012;;;;;;
0,014114;0,326031;0,311916;;;;;;
0,014065;0,325769;0,311704;;;;;;
0,007332;0,318952;0,311621;;;;;;
0,010838;0,322402;0,311564;;;;;;
0,011413;0,322973;0,31156;;;;;;
0,008505;0,319997;0,311493;;;;;;
0,014065;0,324919;0,310854;;;;;;
0,010624;0,32143;0,310806;;;;;;
0,012176;0,322668;0,310492;;;;;;
0,014021;0,324362;0,310341;;;;;;
0,009967;0,319997;0,31003;;;;;;
0,0115;0,32143;0,30993;;;;;;
0,012596;0,322462;0,309866;;;;;;
0,006982;0,316835;0,309854;;;;;;
0,023646;0,333438;0,309792;;;;;;
0,010121;0,31986;0,309739;;;;;;
0,000635;0,310201;0,309567;;;;;;
0,009631;0,319016;0,309385;;;;;;
0,009034;0,318406;0,309372;;;;;;
0,009593;0,318952;0,309359;;;;;;
0,01411;0,3231;0,30899;;;;;;
0,008312;0,317234;0,308922;;;;;;
0,013452;0,322374;0,308922;;;;;;
0,007552;0,31608;0,308528;;;;;;
0,007552;0,31608;0,308528;;;;;;
0,006093;0,314314;0,308221;;;;;;
0,013941;0,322019;0,308077;;;;;;
0,006934;0,314946;0,308012;;;;;;
0,094732;0,402557;0,307825;;;;;;
0,014072;0,321865;0,307793;;;;;;
0,010189;0,317713;0,307524;;;;;;
0,045296;0,352602;0,307305;;;;;;
0,014226;0,321161;0,306935;;;;;;
0,008366;0,315154;0,306788;;;;;;
0,00847;0,315139;0,306669;;;;;;
0,024041;0,330689;0,306649;;;;;;
0,007511;0,314115;0,306604;;;;;;
0,005912;0,312491;0,306579;;;;;;
0,01079;0,317272;0,306482;;;;;;
0,010015;0,316463;0,306448;;;;;;
0,008775;0,315154;0,306379;;;;;;
0,008616;0,314992;0,306376;;;;;;
0,011082;0,317457;0,306374;;;;;;
0,008256;0,314603;0,306347;;;;;;
0,010261;0,316557;0,306295;;;;;;
0,010368;0,316557;0,306189;;;;;;
0,013887;0,319968;0,306081;;;;;;
0,014309;0,320384;0,306075;;;;;;
0,012583;0,318606;0,306023;;;;;;
0,00619;0,312011;0,305821;;;;;;
0,008985;0,314666;0,305681;;;;;;
0,008472;0,314115;0,305643;;;;;;
0,007296;0,31282;0,305525;;;;;;
0,011411;0,316927;0,305517;;;;;;
0,055182;0,360694;0,305512;;;;;;
0,011366;0,316835;0,30547;;;;;;
0,011851;0,317281;0,30543;;;;;;
0,084063;0,389441;0,305378;;;;;;
0,012227;0,317457;0,30523;;;;;;
0,01398;0,319115;0,305135;;;;;;
0,017604;0,322739;0,305135;;;;;;
0,017604;0,322739;0,305135;;;;;;
0,006051;0,310819;0,304769;;;;;;
0,008189;0,31282;0,304632;;;;;;
0,009911;0,314398;0,304486;;;;;;
0,006041;0,310115;0,304074;;;;;;
0,00692;0,310734;0,303814;;;;;;
0,011246;0,314975;0,303728;;;;;;
0,013929;0,317281;0,303352;;;;;;
0,009312;0,312652;0,30334;;;;;;
0,011059;0,314146;0,303087;;;;;;
0,013912;0,316955;0,303043;;;;;;
0,013912;0,316955;0,303043;;;;;;
0,011341;0,314314;0,302973;;;;;;
0,004937;0,307834;0,302897;;;;;;
0,006456;0,309352;0,302896;;;;;;
0,009619;0,312491;0,302872;;;;;;
0,000198;0,302919;0,302721;;;;;;
0,012426;0,315139;0,302713;;;;;;
0,013326;0,315793;0,302466;;;;;;
0,01062;0,313021;0,302401;;;;;;
0,01382;0,316138;0,302318;;;;;;
0,008637;0,310794;0,302157;;;;;;
0,013848;0,315864;0,302015;;;;;;
0,013897;0,31591;0,302012;;;;;;
0,007463;0,309284;0,301821;;;;;;
0,008965;0,3107;0,301734;;;;;;
0,017229;0,318958;0,301728;;;;;;
0,009128;0,310429;0,3013;;;;;;
0,013036;0,314232;0,301196;;;;;;
0,01273;0,313881;0,30115;;;;;;
0,077971;0,379119;0,301148;;;;;;
0,00978;0,31059;0,30081;;;;;;
0,00978;0,31059;0,30081;;;;;;
0,006744;0,307198;0,300454;;;;;;
0,007094;0,307499;0,300406;;;;;;
0,013841;0,314243;0,300402;;;;;;
0,013863;0,314211;0,300348;;;;;;
0,006515;0,306554;0,300039;;;;;;
0,007948;0,307883;0,299935;;;;;;
0,009554;0,309477;0,299923;;;;;;
0,009134;0,309017;0,299883;;;;;;
0,006362;0,306223;0,299861;;;;;;
0,013799;0,313528;0,299729;;;;;;
0,008426;0,308015;0,299589;;;;;;
0,021936;0,321503;0,299567;;;;;;
0,013206;0,31271;0,299504;;;;;;
0,013842;0,313139;0,299297;;;;;;
0,006743;0,305762;0,299019;;;;;;
0,010756;0,309477;0,298721;;;;;;
0,013781;0,312308;0,298527;;;;;;
0,016231;0,314666;0,298434;;;;;;
0,007127;0,305437;0,298309;;;;;;
0,021278;0,319486;0,298208;;;;;;
0,013683;0,31187;0,298187;;;;;;
0,013683;0,31187;0,298187;;;;;;
0,007582;0,305762;0,29818;;;;;;
0,012744;0,310807;0,298063;;;;;;
0,006941;0,304629;0,297688;;;;;;
0,013735;0,310992;0,297257;;;;;;
0,007485;0,30462;0,297135;;;;;;
0,010158;0,307053;0,296895;;;;;;
0,013994;0,310734;0,29674;;;;;;
0,005943;0,302672;0,296729;;;;;;
0,007207;0,30386;0,296653;;;;;;
0,00702;0,303577;0,296557;;;;;;
0,013813;0,31021;0,296397;;;;;;
0,010429;0,306822;0,296393;;;;;;
0,009274;0,305541;0,296267;;;;;;
0,009274;0,305541;0,296267;;;;;;
0,010634;0,306822;0,296187;;;;;;
0,010634;0,306822;0,296187;;;;;;
0,007713;0,30386;0,296147;;;;;;
0,010838;0,306762;0,295924;;;;;;
0,013668;0,309352;0,295684;;;;;;
0,024392;0,31986;0,295468;;;;;;
0,010699;0,305984;0,295284;;;;;;
0,052658;0,347716;0,295059;;;;;;
0,013703;0,308754;0,295051;;;;;;
0,085169;0,380018;0,294849;;;;;;
0,085169;0,380018;0,294849;;;;;;
0,014223;0,309002;0,294779;;;;;;
0,010685;0,305333;0,294648;;;;;;
0,010669;0,305271;0,294602;;;;;;
0,010692;0,305246;0,294554;;;;;;
0,010585;0,305043;0,294459;;;;;;
0,01063;0,304856;0,294226;;;;;;
0,01075;0,304909;0,294159;;;;;;
0,013693;0,307563;0,29387;;;;;;
0,013693;0,307563;0,29387;;;;;;
0,01093;0,304629;0,293699;;;;;;
0,017222;0,310716;0,293494;;;;;;
0,013641;0,306682;0,293041;;;;;;
0,018037;0,311074;0,293037;;;;;;
0,000843;0,293755;0,292912;;;;;;
0,013663;0,30628;0,292617;;;;;;
0,013677;0,305717;0,29204;;;;;;
0,008113;0,300146;0,292033;;;;;;
0,000021;0,291908;0,291887;;;;;;
0,013617;0,305471;0,291854;;;;;;
0,010473;0,302288;0,291815;;;;;;
0,007802;0,299476;0,291674;;;;;;
0,011876;0,303443;0,291568;;;;;;
0,014621;0,305437;0,290816;;;;;;
0,006379;0,297141;0,290762;;;;;;
0,01324;0,303749;0,290509;;;;;;
0,01324;0,303749;0,290509;;;;;;
0,006504;0,29667;0,290166;;;;;;
0,013517;0,303577;0,29006;;;;;;
0,061955;0,352002;0,290047;;;;;;
0,010272;0,300146;0,289873;;;;;;
0,013576;0,30341;0,289833;;;;;;
0,013576;0,30341;0,289833;;;;;;
0,017676;0,307499;0,289824;;;;;;
0,0135;0,302919;0,289419;;;;;;
0,005587;0,2947;0,289113;;;;;;
0,013578;0,302672;0,289095;;;;;;
0,006152;0,295205;0,289053;;;;;;
0,013326;0,302337;0,289011;;;;;;
0,013326;0,302337;0,289011;;;;;;
0,004673;0,293189;0,288516;;;;;;
0,006201;0,294632;0,288431;;;;;;
0,006207;0,294632;0,288425;;;;;;
0,013491;0,301876;0,288385;;;;;;
0,013491;0,301876;0,288385;;;;;;
0,006451;0,2947;0,288249;;;;;;
0,013469;0,301703;0,288234;;;;;;
0,013469;0,301703;0,288234;;;;;;
0,013542;0,301574;0,288032;;;;;;
0,006351;0,294367;0,288015;;;;;;
0,005547;0,293484;0,287937;;;;;;
0,006908;0,294076;0,287168;;;;;;
0,013548;0,300705;0,287157;;;;;;
0,005533;0,292355;0,286821;;;;;;
0,008393;0,295205;0,286812;;;;;;
0,005559;0,292355;0,286796;;;;;;
0,041783;0,328511;0,286728;;;;;;
0,070414;0,356869;0,286455;;;;;;
0,013469;0,299894;0,286424;;;;;;
0,006176;0,29259;0,286413;;;;;;
0,01342;0,299678;0,286258;;;;;;
0,006192;0,292185;0,285993;;;;;;
0,007724;0,293513;0,285789;;;;;;
0,009807;0,293929;0,284122;;;;;;
0,013421;0,29688;0,283459;;;;;;
0,010338;0,293554;0,283216;;;;;;
0,013375;0,296539;0,283164;;;;;;
0,013468;0,296346;0,282878;;;;;;
0,002253;0,285051;0,282798;;;;;;
0,000812;0,283513;0,282701;;;;;;
0,012655;0,294367;0,281711;;;;;;
0,013306;0,294662;0,281356;;;;;;
0,013306;0,294662;0,281356;;;;;;
0,002262;0,283513;0,281251;;;;;;
0,012837;0,294025;0,281187;;;;;;
0,005857;0,286824;0,280968;;;;;;
0,01328;0,29364;0,28036;;;;;;
0,006039;0,286262;0,280223;;;;;;
0,000772;0,280345;0,279573;;;;;;
0,008166;0,287538;0,279372;;;;;;
0,013246;0,291908;0,278662;;;;;;
0,006737;0,285252;0,278514;;;;;;
0,013183;0,289528;0,276344;;;;;;
0,013234;0,289577;0,276343;;;;;;
0,005392;0,281658;0,276266;;;;;;
0,013224;0,289196;0,275973;;;;;;
0,00689;0,282777;0,275888;;;;;;
0,013224;0,288717;0,275493;;;;;;
0,005425;0,280832;0,275407;;;;;;
0,001881;0,276922;0,275041;;;;;;
0,013199;0,288122;0,274923;;;;;;
0,013199;0,288122;0,274923;;;;;;
0,006116;0,280714;0,274598;;;;;;
0,013157;0,287469;0,274312;;;;;;
0,012968;0,287132;0,274164;;;;;;
0,013121;0,286942;0,273821;;;;;;
0,013136;0,286933;0,273797;;;;;;
0,067271;0,340464;0,273192;;;;;;
0,013388;0,286562;0,273174;;;;;;
0,013143;0,286262;0,273119;;;;;;
0,01326;0,286363;0,273104;;;;;;
0,013151;0,285994;0,272843;;;;;;
0,013131;0,285331;0,2722;;;;;;
0,005681;0,277864;0,272183;;;;;;
0,005738;0,277911;0,272173;;;;;;
0,006266;0,278411;0,272145;;;;;;
0,056904;0,328595;0,271691;;;;;;
0,006223;0,277864;0,271641;;;;;;
0,136043;0,406802;0,270759;;;;;;
0,000905;0,271491;0,270586;;;;;;
0,006251;0,276471;0,270221;;;;;;
0,012923;0,282371;0,269449;;;;;;
0,006595;0,275941;0,269347;;;;;;
0,008187;0,277481;0,269294;;;;;;
0,013;0,282022;0,269022;;;;;;
0,137563;0,40613;0,268566;;;;;;
0,012987;0,281483;0,268496;;;;;;
0,012987;0,281483;0,268496;;;;;;
0,013028;0,281299;0,268271;;;;;;
0,039417;0,307642;0,268224;;;;;;
0,012969;0,280351;0,267382;;;;;;
0,012969;0,280351;0,267382;;;;;;
0,012969;0,280128;0,267159;;;;;;
0,030814;0,29782;0,267006;;;;;;
0,013123;0,279855;0,266733;;;;;;
0,01299;0,27912;0,26613;;;;;;
0,000634;0,2664;0,265766;;;;;;
0,013071;0,278513;0,265442;;;;;;
0,013012;0,278445;0,265433;;;;;;
0,012891;0,278264;0,265374;;;;;;
0,012891;0,278264;0,265374;;;;;;
0,005513;0,270354;0,264841;;;;;;
0,012861;0,276822;0,263962;;;;;;
0,013064;0,276922;0,263858;;;;;;
0,012827;0,276448;0,263622;;;;;;
0,012873;0,275941;0,263068;;;;;;
0,012897;0,275761;0,262864;;;;;;
0,072021;0,334743;0,262721;;;;;;
0,143494;0,405852;0,262357;;;;;;
0,013152;0,274184;0,261032;;;;;;
0,03308;0,293929;0,260849;;;;;;
0,013047;0,273627;0,26058;;;;;;
0,012884;0,272989;0,260105;;;;;;
0,012955;0,272977;0,260022;;;;;;
0,012808;0,272689;0,259881;;;;;;
0,012772;0,27188;0,259108;;;;;;
0,012821;0,271831;0,259009;;;;;;
0;0,25887;0,25887;;;;;;
0,017382;0,275879;0,258497;;;;;;
0,012769;0,270412;0,257643;;;;;;
0,012769;0,270412;0,257643;;;;;;
0,012834;0,270244;0,25741;;;;;;
0,006591;0,263362;0,256771;;;;;;
0,012724;0,269237;0,256514;;;;;;
0,012751;0,268834;0,256083;;;;;;
0,012751;0,268834;0,256083;;;;;;
0,013127;0,269167;0,256039;;;;;;
0,012726;0,267615;0,254889;;;;;;
0,012862;0,267355;0,254493;;;;;;
0,012619;0,265779;0,25316;;;;;;
0,012719;0,265812;0,253093;;;;;;
0,012719;0,265812;0,253093;;;;;;
0,005838;0,257965;0,252128;;;;;;
0,152352;0,404073;0,251722;;;;;;
0,005931;0,255595;0,249664;;;;;;
0,012546;0,261707;0,24916;;;;;;
0,012546;0,261707;0,24916;;;;;;
0,028656;0,276448;0,247792;;;;;;
0,012616;0,260298;0,247682;;;;;;
0,012616;0,260298;0,247682;;;;;;
0,012528;0,259696;0,247168;;;;;;
0,022729;0,26972;0,246991;;;;;;
0,012482;0,258004;0,245522;;;;;;
0,026342;0,271822;0,24548;;;;;;
0,024893;0,269419;0,244526;;;;;;
0,005795;0,249341;0,243546;;;;;;
0,012424;0,255595;0,243171;;;;;;
0,020802;0,263908;0,243106;;;;;;
0,01249;0,254199;0,24171;;;;;;
0,012356;0,253923;0,241567;;;;;;
0,032255;0,273514;0,241259;;;;;;
0,234727;0,472537;0,237811;;;;;;
0,01274;0,249455;0,236715;;;;;;
0,013299;0,249979;0,236681;;;;;;
0,013299;0,249979;0,236681;;;;;;
0,005214;0,241788;0,236574;;;;;;
0,012349;0,24726;0,234911;;;;;;
0,005801;0,240195;0,234394;;;;;;
0,006886;0,241088;0,234202;;;;;;
0,009912;0,244023;0,234111;;;;;;
0,259438;0,493301;0,233863;;;;;;
0,01223;0,246014;0,233783;;;;;;
0,01223;0,246014;0,233783;;;;;;
0,01195;0,245309;0,23336;;;;;;
0,007109;0,239533;0,232423;;;;;;
0,007109;0,239533;0,232423;;;;;;
0,004919;0,237292;0,232373;;;;;;
0,005814;0,237483;0,231669;;;;;;
0,02316;0,254693;0,231534;;;;;;
0,005155;0,236167;0,231012;;;;;;
0,01215;0,243156;0,231006;;;;;;
0,008846;0,239387;0,230542;;;;;;
0,004864;0,23523;0,230366;;;;;;
0,011379;0,240643;0,229264;;;;;;
0,012103;0,241334;0,229231;;;;;;
0,008987;0,237884;0,228896;;;;;;
0,012103;0,240846;0,228743;;;;;;
0,012092;0,240691;0,228599;;;;;;
0,012092;0,240691;0,228599;;;;;;
0,012095;0,240294;0,228199;;;;;;
0,012081;0,240195;0,228114;;;;;;
0,009654;0,237532;0,227878;;;;;;
0,012037;0,239685;0,227648;;;;;;
0,012063;0,23968;0,227618;;;;;;
0,065417;0,292648;0,227231;;;;;;
0,010822;0,237967;0,227145;;;;;;
0,012055;0,239068;0,227012;;;;;;
0,010408;0,237292;0,226884;;;;;;
0,012094;0,238959;0,226865;;;;;;
0,060748;0,287496;0,226748;;;;;;
0,011992;0,238393;0,226401;;;;;;
0,012001;0,23755;0,225549;;;;;;
0,012014;0,237517;0,225503;;;;;;
0,012014;0,237517;0,225503;;;;;;
0,012009;0,236777;0,224768;;;;;;
0,053074;0,277481;0,224407;;;;;;
0,01197;0,23523;0,22326;;;;;;
0,05116;0,274111;0,222951;;;;;;
0,01196;0,234769;0,22281;;;;;;
0,040271;0,26253;0,222259;;;;;;
0,040271;0,26253;0,222259;;;;;;
0,019446;0,241088;0,221642;;;;;;
0,017988;0,239529;0,221541;;;;;;
0,011973;0,233363;0,22139;;;;;;
0,011928;0,233259;0,221332;;;;;;
0,019431;0,240562;0,221131;;;;;;
0,020795;0,239856;0,21906;;;;;;
0,267284;0,486315;0,219031;;;;;;
0,011878;0,230706;0,218828;;;;;;
0,019496;0,237682;0,218186;;;;;;
0,019838;0,237488;0,21765;;;;;;
0,018315;0,2348;0,216485;;;;;;
0,022757;0,238024;0,215267;;;;;;
0,011215;0,225823;0,214608;;;;;;
0,018405;0,232227;0,213822;;;;;;
0,046243;0,259442;0,213199;;;;;;
0,006657;0,219773;0,213115;;;;;;
0,011818;0,224903;0,213085;;;;;;
0,005338;0,218216;0,212878;;;;;;
0,005338;0,218216;0,212878;;;;;;
0,015832;0,228583;0,212752;;;;;;
0,012033;0,224223;0,21219;;;;;;
0,00532;0,215915;0,210596;;;;;;
0,590596;0,380055;0,210541;;;;;;
0,011643;0,222137;0,210494;;;;;;
0,011643;0,221451;0,209808;;;;;;
0,011635;0,221003;0,209368;;;;;;
0,007587;0,216912;0,209325;;;;;;
0,01168;0,220451;0,20877;;;;;;
0,011667;0,220396;0,208729;;;;;;
0,011662;0,220386;0,208724;;;;;;
0,011697;0,220419;0,208722;;;;;;
0,011725;0,220431;0,208705;;;;;;
0,01167;0,220372;0,208702;;;;;;
0,011676;0,22034;0,208664;;;;;;
0,011671;0,220332;0,208661;;;;;;
0,011711;0,220372;0,208661;;;;;;
0,011689;0,220328;0,208639;;;;;;
0,011692;0,220328;0,208636;;;;;;
0,011655;0,220266;0,208611;;;;;;
0,01161;0,220161;0,208551;;;;;;
0,014235;0,222463;0,208228;;;;;;
0,01168;0,219889;0,208209;;;;;;
0,011626;0,219819;0,208193;;;;;;
0,01166;0,219832;0,208172;;;;;;
0,012752;0,220899;0,208147;;;;;;
0,011684;0,219637;0,207952;;;;;;
0,01257;0,220431;0,207861;;;;;;
0,044212;0,251911;0,207699;;;;;;
0,005463;0,213042;0,207579;;;;;;
0,011664;0,219241;0,207577;;;;;;
0,011588;0,218692;0,207104;;;;;;
0,011605;0,218642;0,207038;;;;;;
0,011605;0,218642;0,207038;;;;;;
0,011786;0,218822;0,207036;;;;;;
0,011786;0,218822;0,207036;;;;;;
0,011599;0,218319;0,20672;;;;;;
0,012255;0,218942;0,206686;;;;;;
0,006578;0,213064;0,206486;;;;;;
0,011598;0,217889;0,206291;;;;;;
0,011611;0,217808;0,206196;;;;;;
0,0116;0,217596;0,205997;;;;;;
0,011559;0,21754;0,205981;;;;;;
0,011587;0,217479;0,205892;;;;;;
0,011587;0,217479;0,205892;;;;;;
0,011606;0,217466;0,20586;;;;;;
0,007353;0,213042;0,205689;;;;;;
0,011894;0,217466;0,205572;;;;;;
0,012036;0,217546;0,205511;;;;;;
0,009981;0,215072;0,205091;;;;;;
0,011542;0,215946;0,204404;;;;;;
0,011588;0,215964;0,204376;;;;;;
0,011568;0,215915;0,204347;;;;;;
0,011524;0,215868;0,204344;;;;;;
0,010769;0,214964;0,204195;;;;;;
0,011543;0,215723;0,204179;;;;;;
0,011543;0,215723;0,204179;;;;;;
0,011543;0,215723;0,204179;;;;;;
0,011543;0,215363;0,20382;;;;;;
0,011171;0,214812;0,203641;;;;;;
0,011529;0,215163;0,203634;;;;;;
0,01151;0,215077;0,203567;;;;;;
0,011549;0,215116;0,203566;;;;;;
0,011544;0,215037;0,203493;;;;;;
0,011547;0,214964;0,203417;;;;;;
0,011539;0,214829;0,20329;;;;;;
0,011539;0,214829;0,20329;;;;;;
0,011543;0,21359;0,202047;;;;;;
0,011302;0,212502;0,2012;;;;;;
0,0126;0,213768;0,201168;;;;;;
0,012073;0,211204;0,19913;;;;;;
0,34065;0,141955;0,198694;;;;;;
0,189516;0,386977;0,197461;;;;;;
0,045413;0,241799;0,196386;;;;;;
0,011336;0,205443;0,194106;;;;;;
0,184185;0,376894;0,192709;;;;;;
0,023594;0,214865;0,191271;;;;;;
0,057041;0,246223;0,189182;;;;;;
0,011213;0,199211;0,187998;;;;;;
0,01116;0,197408;0,186248;;;;;;
0,011164;0,197282;0,186118;;;;;;
0,011164;0,197282;0,186118;;;;;;
0,010799;0,196466;0,185666;;;;;;
0,01117;0,195965;0,184795;;;;;;
0,099521;0,281641;0,18212;;;;;;
0,009617;0,189933;0,180316;;;;;;
0,009401;0,187046;0,177645;;;;;;
0,061742;0,237483;0,175741;;;;;;
0,011147;0,18682;0,175673;;;;;;
0,005237;0,179637;0,1744;;;;;;
0,007566;0,18053;0,172964;;;;;;
0,020985;0,193586;0,172601;;;;;;
0,000272;0,170906;0,170634;;;;;;
0,001093;0,170906;0,169813;;;;;;
0,006009;0,17245;0,166441;;;;;;
0,000551;0,166629;0,166078;;;;;;
0,006035;0,171256;0,165221;;;;;;
0,006571;0,171553;0,164981;;;;;;
0,005412;0,169908;0,164496;;;;;;
0,006009;0,169059;0,163051;;;;;;
0,010615;0,169001;0,158386;;;;;;
0,007935;0,166197;0,158262;;;;;;
0,010605;0,168675;0,15807;;;;;;
0,007723;0,165473;0,15775;;;;;;
0,010588;0,166197;0,15561;;;;;;
0,014532;0,169453;0,15492;;;;;;
0,014644;0,16895;0,154305;;;;;;
0,175454;0,329223;0,153769;;;;;;
0,010483;0,162619;0,152135;;;;;;
0,010458;0,159651;0,149193;;;;;;
0,010251;0,158351;0,1481;;;;;;
0,010202;0,158252;0,148049;;;;;;
0,006637;0,154281;0,147644;;;;;;
0,005625;0,151714;0,14609;;;;;;
0,007174;0,152963;0,145789;;;;;;
0,188911;0,33399;0,145079;;;;;;
0,000351;0,144823;0,144472;;;;;;
0,010099;0,151056;0,140956;;;;;;
0,010617;0,151168;0,140551;;;;;;
0,010249;0,150067;0,139818;;;;;;
0,010249;0,150067;0,139818;;;;;;
0,010393;0,150044;0,13965;;;;;;
0,133179;0,272516;0,139336;;;;;;
0,001843;0,140729;0,138886;;;;;;
0,001843;0,140729;0,138886;;;;;;
0,00199;0,140682;0,138692;;;;;;
0,00199;0,140682;0,138692;;;;;;
0,01023;0,146779;0,136549;;;;;;
0,00643;0,141216;0,134785;;;;;;
0,010137;0,14425;0,134113;;;;;;
0,010137;0,14425;0,134113;;;;;;
0,006639;0,138668;0,132029;;;;;;
0,00701;0,138783;0,131773;;;;;;
0,005933;0,137135;0,131202;;;;;;
0,011326;0,142094;0,130768;;;;;;
0,006906;0,136956;0,130049;;;;;;
0,009197;0,13912;0,129923;;;;;;
0,008517;0,138187;0,12967;;;;;;
0,008116;0,137298;0,129183;;;;;;
0,008982;0,137932;0,12895;;;;;;
0,010129;0,1387;0,128572;;;;;;
0,008553;0,136982;0,128429;;;;;;
0,005088;0,132875;0,127787;;;;;;
0,010561;0,137936;0,127374;;;;;;
0,010013;0,137352;0,127339;;;;;;
0,008213;0,134968;0,126754;;;;;;
0,00848;0,13516;0,12668;;;;;;
0,006802;0,133236;0,126434;;;;;;
0,00996;0,136132;0,126172;;;;;;
0,007072;0,133187;0,126116;;;;;;
0,028237;0,154281;0,126044;;;;;;
0,006639;0,132393;0,125754;;;;;;
0,010025;0,135156;0,125131;;;;;;
0,008097;0,133028;0,124931;;;;;;
0,006406;0,131148;0,124742;;;;;;
0,008481;0,132662;0,12418;;;;;;
0,006332;0,130039;0,123707;;;;;;
0,009959;0,133076;0,123117;;;;;;
0,005215;0,128046;0,122831;;;;;;
0,012716;0,135391;0,122676;;;;;;
0,009091;0,129785;0,120694;;;;;;
0,006548;0,126576;0,120028;;;;;;
0,009853;0,129486;0,119633;;;;;;
0,01141;0,130001;0,118591;;;;;;
0,009835;0,128046;0,118211;;;;;;
0,005778;0,123122;0,117344;;;;;;
0,009299;0,126576;0,117277;;;;;;
0,006567;0,12368;0,117113;;;;;;
0,00499;0,122056;0,117067;;;;;;
0,015264;0,132198;0,116934;;;;;;
0,017432;0,132875;0,115443;;;;;;
0,026574;0,141216;0,114642;;;;;;
0,013226;0,127078;0,113852;;;;;;
0,007724;0,121496;0,113772;;;;;;
0,009851;0,123277;0,113426;;;;;;
0,028072;0,140031;0,11196;;;;;;
0,259136;0,147232;0,111903;;;;;;
0,006804;0,117495;0,110691;;;;;;
0,006255;0,116602;0,110347;;;;;;
0,013762;0,12358;0,109818;;;;;;
0,005162;0,114445;0,109283;;;;;;
0,005415;0,114445;0,10903;;;;;;
0,007096;0,115451;0,108355;;;;;;
0,010599;0,118332;0,107733;;;;;;
0,007858;0,115451;0,107593;;;;;;
0,006344;0,113113;0,106769;;;;;;
0,014194;0,120187;0,105993;;;;;;
0,021152;0,126576;0,105424;;;;;;
0,016801;0,121496;0,104695;;;;;;
0,0433;0,147936;0,104636;;;;;;
0,009544;0,113433;0,103889;;;;;;
0,009544;0,113433;0,103889;;;;;;
0,009562;0,113433;0,103871;;;;;;
0,009562;0,113433;0,103871;;;;;;
0,009539;0,113008;0,10347;;;;;;
0,007091;0,110215;0,103124;;;;;;
0,010193;0,112889;0,102696;;;;;;
0,014114;0,116602;0,102488;;;;;;
0,007507;0,109831;0,102324;;;;;;
0,007549;0,109831;0,102282;;;;;;
0,011048;0,113055;0,102007;;;;;;
0,009524;0,111079;0,101555;;;;;;
0,005491;0,106138;0,100647;;;;;;
0,004725;0,105367;0,100642;;;;;;
0,009289;0,109788;0,1005;;;;;;
0,006938;0,107251;0,100313;;;;;;
0,008449;0,108709;0,10026;;;;;;
0,009142;0,109218;0,100076;;;;;;
0,010213;0,109218;0,099006;;;;;;
0,011069;0,109827;0,098759;;;;;;
0,009475;0,107272;0,097797;;;;;;
0,019913;0,117279;0,097366;;;;;;
0,019913;0,117279;0,097366;;;;;;
0,004748;0,101955;0,097208;;;;;;
0,014554;0,111542;0,096988;;;;;;
0,013912;0,110215;0,096303;;;;;;
0,015987;0,112054;0,096068;;;;;;
0,015987;0,112054;0,096068;;;;;;
0,013615;0,10918;0,095565;;;;;;
0,009895;0,10537;0,095475;;;;;;
0,005547;0,10093;0,095383;;;;;;
0,026973;0,122074;0,095101;;;;;;
0,026973;0,122074;0,095101;;;;;;
0,010086;0,10503;0,094944;;;;;;
0,009446;0,104166;0,09472;;;;;;
0,01922;0,112889;0,093669;;;;;;
0,009357;0,102889;0,093532;;;;;;
0,009389;0,102874;0,093486;;;;;;
0,012191;0,1047;0,092509;;;;;;
0,009325;0,100413;0,091088;;;;;;
0,008366;0,099293;0,090927;;;;;;
0,010026;0,100764;0,090738;;;;;;
0,007338;0,097764;0,090426;;;;;;
0,310786;0,400735;0,089949;;;;;;
0,005789;0,095641;0,089851;;;;;;
0,004892;0,093727;0,088835;;;;;;
0,010757;0,099293;0,088535;;;;;;
0,180202;0,268596;0,088394;;;;;;
0,009376;0,097764;0,088389;;;;;;
0,007996;0,096235;0,08824;;;;;;
0,58292;0,495461;0,087459;;;;;;
0,006815;0,093727;0,086912;;;;;;
0,009263;0,095641;0,086378;;;;;;
0,007944;0,094255;0,086311;;;;;;
0,011772;0,097922;0,08615;;;;;;
0,009842;0,094255;0,084413;;;;;;
0,009242;0,093084;0,083842;;;;;;
0,009191;0,092932;0,083741;;;;;;
0,05306;0,136675;0,083615;;;;;;
0,004716;0,088135;0,083419;;;;;;
0,00656;0,089825;0,083265;;;;;;
0,005881;0,088769;0,082888;;;;;;
0,010606;0,092932;0,082326;;;;;;
0,006775;0,088896;0,082121;;;;;;
0,004777;0,086761;0,081984;;;;;;
0,009192;0,090289;0,081097;;;;;;
0,008958;0,089825;0,080867;;;;;;
0,008206;0,088925;0,08072;;;;;;
0,007116;0,087756;0,08064;;;;;;
0,007237;0,087636;0,080399;;;;;;
0,009037;0,086985;0,077949;;;;;;
0,004639;0,082461;0,077822;;;;;;
0,005856;0,083046;0,07719;;;;;;
0,006143;0,083046;0,076903;;;;;;
0,004709;0,081276;0,076567;;;;;;
0,007246;0,083696;0,076451;;;;;;
0,005388;0,080835;0,075447;;;;;;
0,005512;0,080835;0,075323;;;;;;
0,009093;0,083142;0,07405;;;;;;
0,007842;0,08145;0,073608;;;;;;
0,009026;0,081904;0,072877;;;;;;
0,007585;0,080309;0,072724;;;;;;
0,008963;0,079507;0,070544;;;;;;
0,008977;0,07859;0,069614;;;;;;
0,006231;0,072972;0,066741;;;;;;
0,006798;0,072805;0,066007;;;;;;
0,008308;0,074183;0,065874;;;;;;
0,008926;0,074369;0,065443;;;;;;
0,004599;0,067855;0,063256;;;;;;
0,054108;0;0,054108;;;;;;
0,175982;0,132461;0,043521;;;;;;
0,169835;0,132461;0,037374;;;;;;
0,029382;0;0,029382;;;;;;
0,024025;0;0,024025;;;;;;
0,021176;0;0,021176;;;;;;
0,018774;0;0,018774;;;;;;
0,018774;0;0,018774;;;;;;
0,018769;0;0,018769;;;;;;
0,017662;0;0,017662;;;;;;
0,017222;0;0,017222;;;;;;
0,017;0;0,017;;;;;;
0,01683;0;0,01683;;;;;;
0,016746;0;0,016746;;;;;;
0,016126;0;0,016126;;;;;;
0,016065;0;0,016065;;;;;;
0,016065;0;0,016065;;;;;;
0,01602;0;0,01602;;;;;;
0,015989;0;0,015989;;;;;;
0,015426;0;0,015426;;;;;;
0,015354;0;0,015354;;;;;;
0,015237;0;0,015237;;;;;;
0,015202;0;0,015202;;;;;;
0,014619;0;0,014619;;;;;;
0,014619;0;0,014619;;;;;;
0,014435;0;0,014435;;;;;;
0,014435;0;0,014435;;;;;;
0,014156;0;0,014156;;;;;;
0,013919;0;0,013919;;;;;;
0,013655;0;0,013655;;;;;;
0,013498;0;0,013498;;;;;;
0,013449;0;0,013449;;;;;;
0,013448;0;0,013448;;;;;;
0,013115;0;0,013115;;;;;;
0,012557;0;0,012557;;;;;;
0,012361;0;0,012361;;;;;;
0,012037;0;0,012037;;;;;;
0,012017;0;0,012017;;;;;;
0,011962;0;0,011962;;;;;;
0,011908;0;0,011908;;;;;;
0,011898;0;0,011898;;;;;;
0,011882;0;0,011882;;;;;;
0,011659;0;0,011659;;;;;;
0,01154;0;0,01154;;;;;;
0,011534;0;0,011534;;;;;;
0,011482;0;0,011482;;;;;;
0,011374;0;0,011374;;;;;;
0,010674;0;0,010674;;;;;;
0,010267;0;0,010267;;;;;;
0,010045;0;0,010045;;;;;;
0,009995;0;0,009995;;;;;;
0,009982;0;0,009982;;;;;;
0,009784;0;0,009784;;;;;;
0,009626;0;0,009626;;;;;;
0,009561;0;0,009561;;;;;;
0,009541;0;0,009541;;;;;;
0,009403;0;0,009403;;;;;;
0,009262;0;0,009262;;;;;;
0,009111;0;0,009111;;;;;;
0,009038;0;0,009038;;;;;;
0,008633;0;0,008633;;;;;;
0,008357;0;0,008357;;;;;;
0,00829;0;0,00829;;;;;;
0,00829;0;0,00829;;;;;;
0,008098;0;0,008098;;;;;;
0,007535;0;0,007535;;;;;;
0,007126;0;0,007126;;;;;;
0,00698;0;0,00698;;;;;;
0,006282;0;0,006282;;;;;;
0,005879;0;0,005879;;;;;;
0,005712;0;0,005712;;;;;;
0,005704;0;0,005704;;;;;;
0,005272;0;0,005272;;;;;;
0,005235;0;0,005235;;;;;;
0,005022;0;0,005022;;;;;;
0,004974;0;0,004974;;;;;;
0,004971;0;0,004971;;;;;;
0,002648;0;0,002648;;;;;;
0,002482;0;0,002482;;;;;;
0,002444;0;0,002444;;;;;;
0,002206;0;0,002206;;;;;;
0,002188;0;0,002188;;;;;;
0,002088;0;0,002088;;;;;;
0,002063;0;0,002063;;;;;;
0,001835;0;0,001835;;;;;;
0,001831;0;0,001831;;;;;;
0,001819;0;0,001819;;;;;;
0,001708;0;0,001708;;;;;;
0,001687;0;0,001687;;;;;;
0,001612;0;0,001612;;;;;;
0,0016;0;0,0016;;;;;;
0,001575;0;0,001575;;;;;;
0,001448;0;0,001448;;;;;;
0,001443;0;0,001443;;;;;;
0,001297;0;0,001297;;;;;;
0,001294;0;0,001294;;;;;;
0,001286;0;0,001286;;;;;;
0,001179;0;0,001179;;;;;;
0,001134;0;0,001134;;;;;;
0,00056;0;0,00056;;;;;;
0,000519;0;0,000519;;;;;;
